# Linux v6.18.48 syscalls, by ABI (scripts/seccomp/kernel-tables)
x86_64,read,0
x86_64,write,1
x86_64,open,2
x86_64,close,3
x86_64,stat,4
x86_64,fstat,5
x86_64,lstat,6
x86_64,poll,7
x86_64,lseek,8
x86_64,mmap,9
x86_64,mprotect,10
x86_64,munmap,11
x86_64,brk,12
x86_64,rt_sigaction,13
x86_64,rt_sigprocmask,14
x86_64,rt_sigreturn,15
x86_64,ioctl,16
x86_64,pread64,17
x86_64,pwrite64,18
x86_64,readv,19
x86_64,writev,20
x86_64,access,21
x86_64,pipe,22
x86_64,select,23
x86_64,sched_yield,24
x86_64,mremap,25
x86_64,msync,26
x86_64,mincore,27
x86_64,madvise,28
x86_64,shmget,29
x86_64,shmat,30
x86_64,shmctl,31
x86_64,dup,32
x86_64,dup2,33
x86_64,pause,34
x86_64,nanosleep,35
x86_64,getitimer,36
x86_64,alarm,37
x86_64,setitimer,38
x86_64,getpid,39
x86_64,sendfile,40
x86_64,socket,41
x86_64,connect,42
x86_64,accept,43
x86_64,sendto,44
x86_64,recvfrom,45
x86_64,sendmsg,46
x86_64,recvmsg,47
x86_64,shutdown,48
x86_64,bind,49
x86_64,listen,50
x86_64,getsockname,51
x86_64,getpeername,52
x86_64,socketpair,53
x86_64,setsockopt,54
x86_64,getsockopt,55
x86_64,clone,56
x86_64,fork,57
x86_64,vfork,58
x86_64,execve,59
x86_64,exit,60
x86_64,wait4,61
x86_64,kill,62
x86_64,uname,63
x86_64,semget,64
x86_64,semop,65
x86_64,semctl,66
x86_64,shmdt,67
x86_64,msgget,68
x86_64,msgsnd,69
x86_64,msgrcv,70
x86_64,msgctl,71
x86_64,fcntl,72
x86_64,flock,73
x86_64,fsync,74
x86_64,fdatasync,75
x86_64,truncate,76
x86_64,ftruncate,77
x86_64,getdents,78
x86_64,getcwd,79
x86_64,chdir,80
x86_64,fchdir,81
x86_64,rename,82
x86_64,mkdir,83
x86_64,rmdir,84
x86_64,creat,85
x86_64,link,86
x86_64,unlink,87
x86_64,symlink,88
x86_64,readlink,89
x86_64,chmod,90
x86_64,fchmod,91
x86_64,chown,92
x86_64,fchown,93
x86_64,lchown,94
x86_64,umask,95
x86_64,gettimeofday,96
x86_64,getrlimit,97
x86_64,getrusage,98
x86_64,sysinfo,99
x86_64,times,100
x86_64,ptrace,101
x86_64,getuid,102
x86_64,syslog,103
x86_64,getgid,104
x86_64,setuid,105
x86_64,setgid,106
x86_64,geteuid,107
x86_64,getegid,108
x86_64,setpgid,109
x86_64,getppid,110
x86_64,getpgrp,111
x86_64,setsid,112
x86_64,setreuid,113
x86_64,setregid,114
x86_64,getgroups,115
x86_64,setgroups,116
x86_64,setresuid,117
x86_64,getresuid,118
x86_64,setresgid,119
x86_64,getresgid,120
x86_64,getpgid,121
x86_64,setfsuid,122
x86_64,setfsgid,123
x86_64,getsid,124
x86_64,capget,125
x86_64,capset,126
x86_64,rt_sigpending,127
x86_64,rt_sigtimedwait,128
x86_64,rt_sigqueueinfo,129
x86_64,rt_sigsuspend,130
x86_64,sigaltstack,131
x86_64,utime,132
x86_64,mknod,133
x86_64,uselib,134
x86_64,personality,135
x86_64,ustat,136
x86_64,statfs,137
x86_64,fstatfs,138
x86_64,sysfs,139
x86_64,getpriority,140
x86_64,setpriority,141
x86_64,sched_setparam,142
x86_64,sched_getparam,143
x86_64,sched_setscheduler,144
x86_64,sched_getscheduler,145
x86_64,sched_get_priority_max,146
x86_64,sched_get_priority_min,147
x86_64,sched_rr_get_interval,148
x86_64,mlock,149
x86_64,munlock,150
x86_64,mlockall,151
x86_64,munlockall,152
x86_64,vhangup,153
x86_64,modify_ldt,154
x86_64,pivot_root,155
x86_64,_sysctl,156
x86_64,prctl,157
x86_64,arch_prctl,158
x86_64,adjtimex,159
x86_64,setrlimit,160
x86_64,chroot,161
x86_64,sync,162
x86_64,acct,163
x86_64,settimeofday,164
x86_64,mount,165
x86_64,umount2,166
x86_64,swapon,167
x86_64,swapoff,168
x86_64,reboot,169
x86_64,sethostname,170
x86_64,setdomainname,171
x86_64,iopl,172
x86_64,ioperm,173
x86_64,create_module,174
x86_64,init_module,175
x86_64,delete_module,176
x86_64,get_kernel_syms,177
x86_64,query_module,178
x86_64,quotactl,179
x86_64,nfsservctl,180
x86_64,getpmsg,181
x86_64,putpmsg,182
x86_64,afs_syscall,183
x86_64,tuxcall,184
x86_64,security,185
x86_64,gettid,186
x86_64,readahead,187
x86_64,setxattr,188
x86_64,lsetxattr,189
x86_64,fsetxattr,190
x86_64,getxattr,191
x86_64,lgetxattr,192
x86_64,fgetxattr,193
x86_64,listxattr,194
x86_64,llistxattr,195
x86_64,flistxattr,196
x86_64,removexattr,197
x86_64,lremovexattr,198
x86_64,fremovexattr,199
x86_64,tkill,200
x86_64,time,201
x86_64,futex,202
x86_64,sched_setaffinity,203
x86_64,sched_getaffinity,204
x86_64,set_thread_area,205
x86_64,io_setup,206
x86_64,io_destroy,207
x86_64,io_getevents,208
x86_64,io_submit,209
x86_64,io_cancel,210
x86_64,get_thread_area,211
x86_64,lookup_dcookie,212
x86_64,epoll_create,213
x86_64,epoll_ctl_old,214
x86_64,epoll_wait_old,215
x86_64,remap_file_pages,216
x86_64,getdents64,217
x86_64,set_tid_address,218
x86_64,restart_syscall,219
x86_64,semtimedop,220
x86_64,fadvise64,221
x86_64,timer_create,222
x86_64,timer_settime,223
x86_64,timer_gettime,224
x86_64,timer_getoverrun,225
x86_64,timer_delete,226
x86_64,clock_settime,227
x86_64,clock_gettime,228
x86_64,clock_getres,229
x86_64,clock_nanosleep,230
x86_64,exit_group,231
x86_64,epoll_wait,232
x86_64,epoll_ctl,233
x86_64,tgkill,234
x86_64,utimes,235
x86_64,vserver,236
x86_64,mbind,237
x86_64,set_mempolicy,238
x86_64,get_mempolicy,239
x86_64,mq_open,240
x86_64,mq_unlink,241
x86_64,mq_timedsend,242
x86_64,mq_timedreceive,243
x86_64,mq_notify,244
x86_64,mq_getsetattr,245
x86_64,kexec_load,246
x86_64,waitid,247
x86_64,add_key,248
x86_64,request_key,249
x86_64,keyctl,250
x86_64,ioprio_set,251
x86_64,ioprio_get,252
x86_64,inotify_init,253
x86_64,inotify_add_watch,254
x86_64,inotify_rm_watch,255
x86_64,migrate_pages,256
x86_64,openat,257
x86_64,mkdirat,258
x86_64,mknodat,259
x86_64,fchownat,260
x86_64,futimesat,261
x86_64,newfstatat,262
x86_64,unlinkat,263
x86_64,renameat,264
x86_64,linkat,265
x86_64,symlinkat,266
x86_64,readlinkat,267
x86_64,fchmodat,268
x86_64,faccessat,269
x86_64,pselect6,270
x86_64,ppoll,271
x86_64,unshare,272
x86_64,set_robust_list,273
x86_64,get_robust_list,274
x86_64,splice,275
x86_64,tee,276
x86_64,sync_file_range,277
x86_64,vmsplice,278
x86_64,move_pages,279
x86_64,utimensat,280
x86_64,epoll_pwait,281
x86_64,signalfd,282
x86_64,timerfd_create,283
x86_64,eventfd,284
x86_64,fallocate,285
x86_64,timerfd_settime,286
x86_64,timerfd_gettime,287
x86_64,accept4,288
x86_64,signalfd4,289
x86_64,eventfd2,290
x86_64,epoll_create1,291
x86_64,dup3,292
x86_64,pipe2,293
x86_64,inotify_init1,294
x86_64,preadv,295
x86_64,pwritev,296
x86_64,rt_tgsigqueueinfo,297
x86_64,perf_event_open,298
x86_64,recvmmsg,299
x86_64,fanotify_init,300
x86_64,fanotify_mark,301
x86_64,prlimit64,302
x86_64,name_to_handle_at,303
x86_64,open_by_handle_at,304
x86_64,clock_adjtime,305
x86_64,syncfs,306
x86_64,sendmmsg,307
x86_64,setns,308
x86_64,getcpu,309
x86_64,process_vm_readv,310
x86_64,process_vm_writev,311
x86_64,kcmp,312
x86_64,finit_module,313
x86_64,sched_setattr,314
x86_64,sched_getattr,315
x86_64,renameat2,316
x86_64,seccomp,317
x86_64,getrandom,318
x86_64,memfd_create,319
x86_64,kexec_file_load,320
x86_64,bpf,321
x86_64,execveat,322
x86_64,userfaultfd,323
x86_64,membarrier,324
x86_64,mlock2,325
x86_64,copy_file_range,326
x86_64,preadv2,327
x86_64,pwritev2,328
x86_64,pkey_mprotect,329
x86_64,pkey_alloc,330
x86_64,pkey_free,331
x86_64,statx,332
x86_64,io_pgetevents,333
x86_64,rseq,334
x86_64,uretprobe,335
x86_64,uprobe,336
x86_64,pidfd_send_signal,424
x86_64,io_uring_setup,425
x86_64,io_uring_enter,426
x86_64,io_uring_register,427
x86_64,open_tree,428
x86_64,move_mount,429
x86_64,fsopen,430
x86_64,fsconfig,431
x86_64,fsmount,432
x86_64,fspick,433
x86_64,pidfd_open,434
x86_64,clone3,435
x86_64,close_range,436
x86_64,openat2,437
x86_64,pidfd_getfd,438
x86_64,faccessat2,439
x86_64,process_madvise,440
x86_64,epoll_pwait2,441
x86_64,mount_setattr,442
x86_64,quotactl_fd,443
x86_64,landlock_create_ruleset,444
x86_64,landlock_add_rule,445
x86_64,landlock_restrict_self,446
x86_64,memfd_secret,447
x86_64,process_mrelease,448
x86_64,futex_waitv,449
x86_64,set_mempolicy_home_node,450
x86_64,cachestat,451
x86_64,fchmodat2,452
x86_64,map_shadow_stack,453
x86_64,futex_wake,454
x86_64,futex_wait,455
x86_64,futex_requeue,456
x86_64,statmount,457
x86_64,listmount,458
x86_64,lsm_get_self_attr,459
x86_64,lsm_set_self_attr,460
x86_64,lsm_list_modules,461
x86_64,mseal,462
x86_64,setxattrat,463
x86_64,getxattrat,464
x86_64,listxattrat,465
x86_64,removexattrat,466
x86_64,open_tree_attr,467
x86_64,file_getattr,468
x86_64,file_setattr,469
x32,read,0
x32,write,1
x32,open,2
x32,close,3
x32,stat,4
x32,fstat,5
x32,lstat,6
x32,poll,7
x32,lseek,8
x32,mmap,9
x32,mprotect,10
x32,munmap,11
x32,brk,12
x32,rt_sigprocmask,14
x32,pread64,17
x32,pwrite64,18
x32,access,21
x32,pipe,22
x32,select,23
x32,sched_yield,24
x32,mremap,25
x32,msync,26
x32,mincore,27
x32,madvise,28
x32,shmget,29
x32,shmat,30
x32,shmctl,31
x32,dup,32
x32,dup2,33
x32,pause,34
x32,nanosleep,35
x32,getitimer,36
x32,alarm,37
x32,setitimer,38
x32,getpid,39
x32,sendfile,40
x32,socket,41
x32,connect,42
x32,accept,43
x32,sendto,44
x32,shutdown,48
x32,bind,49
x32,listen,50
x32,getsockname,51
x32,getpeername,52
x32,socketpair,53
x32,clone,56
x32,fork,57
x32,vfork,58
x32,exit,60
x32,wait4,61
x32,kill,62
x32,uname,63
x32,semget,64
x32,semop,65
x32,semctl,66
x32,shmdt,67
x32,msgget,68
x32,msgsnd,69
x32,msgrcv,70
x32,msgctl,71
x32,fcntl,72
x32,flock,73
x32,fsync,74
x32,fdatasync,75
x32,truncate,76
x32,ftruncate,77
x32,getdents,78
x32,getcwd,79
x32,chdir,80
x32,fchdir,81
x32,rename,82
x32,mkdir,83
x32,rmdir,84
x32,creat,85
x32,link,86
x32,unlink,87
x32,symlink,88
x32,readlink,89
x32,chmod,90
x32,fchmod,91
x32,chown,92
x32,fchown,93
x32,lchown,94
x32,umask,95
x32,gettimeofday,96
x32,getrlimit,97
x32,getrusage,98
x32,sysinfo,99
x32,times,100
x32,getuid,102
x32,syslog,103
x32,getgid,104
x32,setuid,105
x32,setgid,106
x32,geteuid,107
x32,getegid,108
x32,setpgid,109
x32,getppid,110
x32,getpgrp,111
x32,setsid,112
x32,setreuid,113
x32,setregid,114
x32,getgroups,115
x32,setgroups,116
x32,setresuid,117
x32,getresuid,118
x32,setresgid,119
x32,getresgid,120
x32,getpgid,121
x32,setfsuid,122
x32,setfsgid,123
x32,getsid,124
x32,capget,125
x32,capset,126
x32,rt_sigsuspend,130
x32,utime,132
x32,mknod,133
x32,personality,135
x32,ustat,136
x32,statfs,137
x32,fstatfs,138
x32,sysfs,139
x32,getpriority,140
x32,setpriority,141
x32,sched_setparam,142
x32,sched_getparam,143
x32,sched_setscheduler,144
x32,sched_getscheduler,145
x32,sched_get_priority_max,146
x32,sched_get_priority_min,147
x32,sched_rr_get_interval,148
x32,mlock,149
x32,munlock,150
x32,mlockall,151
x32,munlockall,152
x32,vhangup,153
x32,modify_ldt,154
x32,pivot_root,155
x32,prctl,157
x32,arch_prctl,158
x32,adjtimex,159
x32,setrlimit,160
x32,chroot,161
x32,sync,162
x32,acct,163
x32,settimeofday,164
x32,mount,165
x32,umount2,166
x32,swapon,167
x32,swapoff,168
x32,reboot,169
x32,sethostname,170
x32,setdomainname,171
x32,iopl,172
x32,ioperm,173
x32,init_module,175
x32,delete_module,176
x32,quotactl,179
x32,getpmsg,181
x32,putpmsg,182
x32,afs_syscall,183
x32,tuxcall,184
x32,security,185
x32,gettid,186
x32,readahead,187
x32,setxattr,188
x32,lsetxattr,189
x32,fsetxattr,190
x32,getxattr,191
x32,lgetxattr,192
x32,fgetxattr,193
x32,listxattr,194
x32,llistxattr,195
x32,flistxattr,196
x32,removexattr,197
x32,lremovexattr,198
x32,fremovexattr,199
x32,tkill,200
x32,time,201
x32,futex,202
x32,sched_setaffinity,203
x32,sched_getaffinity,204
x32,io_destroy,207
x32,io_getevents,208
x32,io_cancel,210
x32,lookup_dcookie,212
x32,epoll_create,213
x32,remap_file_pages,216
x32,getdents64,217
x32,set_tid_address,218
x32,restart_syscall,219
x32,semtimedop,220
x32,fadvise64,221
x32,timer_settime,223
x32,timer_gettime,224
x32,timer_getoverrun,225
x32,timer_delete,226
x32,clock_settime,227
x32,clock_gettime,228
x32,clock_getres,229
x32,clock_nanosleep,230
x32,exit_group,231
x32,epoll_wait,232
x32,epoll_ctl,233
x32,tgkill,234
x32,utimes,235
x32,mbind,237
x32,set_mempolicy,238
x32,get_mempolicy,239
x32,mq_open,240
x32,mq_unlink,241
x32,mq_timedsend,242
x32,mq_timedreceive,243
x32,mq_getsetattr,245
x32,add_key,248
x32,request_key,249
x32,keyctl,250
x32,ioprio_set,251
x32,ioprio_get,252
x32,inotify_init,253
x32,inotify_add_watch,254
x32,inotify_rm_watch,255
x32,migrate_pages,256
x32,openat,257
x32,mkdirat,258
x32,mknodat,259
x32,fchownat,260
x32,futimesat,261
x32,newfstatat,262
x32,unlinkat,263
x32,renameat,264
x32,linkat,265
x32,symlinkat,266
x32,readlinkat,267
x32,fchmodat,268
x32,faccessat,269
x32,pselect6,270
x32,ppoll,271
x32,unshare,272
x32,splice,275
x32,tee,276
x32,sync_file_range,277
x32,utimensat,280
x32,epoll_pwait,281
x32,signalfd,282
x32,timerfd_create,283
x32,eventfd,284
x32,fallocate,285
x32,timerfd_settime,286
x32,timerfd_gettime,287
x32,accept4,288
x32,signalfd4,289
x32,eventfd2,290
x32,epoll_create1,291
x32,dup3,292
x32,pipe2,293
x32,inotify_init1,294
x32,perf_event_open,298
x32,fanotify_init,300
x32,fanotify_mark,301
x32,prlimit64,302
x32,name_to_handle_at,303
x32,open_by_handle_at,304
x32,clock_adjtime,305
x32,syncfs,306
x32,setns,308
x32,getcpu,309
x32,kcmp,312
x32,finit_module,313
x32,sched_setattr,314
x32,sched_getattr,315
x32,renameat2,316
x32,seccomp,317
x32,getrandom,318
x32,memfd_create,319
x32,kexec_file_load,320
x32,bpf,321
x32,userfaultfd,323
x32,membarrier,324
x32,mlock2,325
x32,copy_file_range,326
x32,pkey_mprotect,329
x32,pkey_alloc,330
x32,pkey_free,331
x32,statx,332
x32,io_pgetevents,333
x32,rseq,334
x32,uretprobe,335
x32,uprobe,336
x32,pidfd_send_signal,424
x32,io_uring_setup,425
x32,io_uring_enter,426
x32,io_uring_register,427
x32,open_tree,428
x32,move_mount,429
x32,fsopen,430
x32,fsconfig,431
x32,fsmount,432
x32,fspick,433
x32,pidfd_open,434
x32,clone3,435
x32,close_range,436
x32,openat2,437
x32,pidfd_getfd,438
x32,faccessat2,439
x32,process_madvise,440
x32,epoll_pwait2,441
x32,mount_setattr,442
x32,quotactl_fd,443
x32,landlock_create_ruleset,444
x32,landlock_add_rule,445
x32,landlock_restrict_self,446
x32,memfd_secret,447
x32,process_mrelease,448
x32,futex_waitv,449
x32,set_mempolicy_home_node,450
x32,cachestat,451
x32,fchmodat2,452
x32,map_shadow_stack,453
x32,futex_wake,454
x32,futex_wait,455
x32,futex_requeue,456
x32,statmount,457
x32,listmount,458
x32,lsm_get_self_attr,459
x32,lsm_set_self_attr,460
x32,lsm_list_modules,461
x32,mseal,462
x32,setxattrat,463
x32,getxattrat,464
x32,listxattrat,465
x32,removexattrat,466
x32,open_tree_attr,467
x32,file_getattr,468
x32,file_setattr,469
x32,rt_sigaction,512
x32,rt_sigreturn,513
x32,ioctl,514
x32,readv,515
x32,writev,516
x32,recvfrom,517
x32,sendmsg,518
x32,recvmsg,519
x32,execve,520
x32,ptrace,521
x32,rt_sigpending,522
x32,rt_sigtimedwait,523
x32,rt_sigqueueinfo,524
x32,sigaltstack,525
x32,timer_create,526
x32,mq_notify,527
x32,kexec_load,528
x32,waitid,529
x32,set_robust_list,530
x32,get_robust_list,531
x32,vmsplice,532
x32,move_pages,533
x32,preadv,534
x32,pwritev,535
x32,rt_tgsigqueueinfo,536
x32,recvmmsg,537
x32,sendmmsg,538
x32,process_vm_readv,539
x32,process_vm_writev,540
x32,setsockopt,541
x32,getsockopt,542
x32,io_setup,543
x32,io_submit,544
x32,execveat,545
x32,preadv2,546
x32,pwritev2,547
x86,restart_syscall,0
x86,exit,1
x86,fork,2
x86,read,3
x86,write,4
x86,open,5
x86,close,6
x86,waitpid,7
x86,creat,8
x86,link,9
x86,unlink,10
x86,execve,11
x86,chdir,12
x86,time,13
x86,mknod,14
x86,chmod,15
x86,lchown,16
x86,break,17
x86,oldstat,18
x86,lseek,19
x86,getpid,20
x86,mount,21
x86,umount,22
x86,setuid,23
x86,getuid,24
x86,stime,25
x86,ptrace,26
x86,alarm,27
x86,oldfstat,28
x86,pause,29
x86,utime,30
x86,stty,31
x86,gtty,32
x86,access,33
x86,nice,34
x86,ftime,35
x86,sync,36
x86,kill,37
x86,rename,38
x86,mkdir,39
x86,rmdir,40
x86,dup,41
x86,pipe,42
x86,times,43
x86,prof,44
x86,brk,45
x86,setgid,46
x86,getgid,47
x86,signal,48
x86,geteuid,49
x86,getegid,50
x86,acct,51
x86,umount2,52
x86,lock,53
x86,ioctl,54
x86,fcntl,55
x86,mpx,56
x86,setpgid,57
x86,ulimit,58
x86,oldolduname,59
x86,umask,60
x86,chroot,61
x86,ustat,62
x86,dup2,63
x86,getppid,64
x86,getpgrp,65
x86,setsid,66
x86,sigaction,67
x86,sgetmask,68
x86,ssetmask,69
x86,setreuid,70
x86,setregid,71
x86,sigsuspend,72
x86,sigpending,73
x86,sethostname,74
x86,setrlimit,75
x86,getrlimit,76
x86,getrusage,77
x86,gettimeofday,78
x86,settimeofday,79
x86,getgroups,80
x86,setgroups,81
x86,select,82
x86,symlink,83
x86,oldlstat,84
x86,readlink,85
x86,uselib,86
x86,swapon,87
x86,reboot,88
x86,readdir,89
x86,mmap,90
x86,munmap,91
x86,truncate,92
x86,ftruncate,93
x86,fchmod,94
x86,fchown,95
x86,getpriority,96
x86,setpriority,97
x86,profil,98
x86,statfs,99
x86,fstatfs,100
x86,ioperm,101
x86,socketcall,102
x86,syslog,103
x86,setitimer,104
x86,getitimer,105
x86,stat,106
x86,lstat,107
x86,fstat,108
x86,olduname,109
x86,iopl,110
x86,vhangup,111
x86,idle,112
x86,vm86old,113
x86,wait4,114
x86,swapoff,115
x86,sysinfo,116
x86,ipc,117
x86,fsync,118
x86,sigreturn,119
x86,clone,120
x86,setdomainname,121
x86,uname,122
x86,modify_ldt,123
x86,adjtimex,124
x86,mprotect,125
x86,sigprocmask,126
x86,create_module,127
x86,init_module,128
x86,delete_module,129
x86,get_kernel_syms,130
x86,quotactl,131
x86,getpgid,132
x86,fchdir,133
x86,bdflush,134
x86,sysfs,135
x86,personality,136
x86,afs_syscall,137
x86,setfsuid,138
x86,setfsgid,139
x86,_llseek,140
x86,getdents,141
x86,_newselect,142
x86,flock,143
x86,msync,144
x86,readv,145
x86,writev,146
x86,getsid,147
x86,fdatasync,148
x86,_sysctl,149
x86,mlock,150
x86,munlock,151
x86,mlockall,152
x86,munlockall,153
x86,sched_setparam,154
x86,sched_getparam,155
x86,sched_setscheduler,156
x86,sched_getscheduler,157
x86,sched_yield,158
x86,sched_get_priority_max,159
x86,sched_get_priority_min,160
x86,sched_rr_get_interval,161
x86,nanosleep,162
x86,mremap,163
x86,setresuid,164
x86,getresuid,165
x86,vm86,166
x86,query_module,167
x86,poll,168
x86,nfsservctl,169
x86,setresgid,170
x86,getresgid,171
x86,prctl,172
x86,rt_sigreturn,173
x86,rt_sigaction,174
x86,rt_sigprocmask,175
x86,rt_sigpending,176
x86,rt_sigtimedwait,177
x86,rt_sigqueueinfo,178
x86,rt_sigsuspend,179
x86,pread64,180
x86,pwrite64,181
x86,chown,182
x86,getcwd,183
x86,capget,184
x86,capset,185
x86,sigaltstack,186
x86,sendfile,187
x86,getpmsg,188
x86,putpmsg,189
x86,vfork,190
x86,ugetrlimit,191
x86,mmap2,192
x86,truncate64,193
x86,ftruncate64,194
x86,stat64,195
x86,lstat64,196
x86,fstat64,197
x86,lchown32,198
x86,getuid32,199
x86,getgid32,200
x86,geteuid32,201
x86,getegid32,202
x86,setreuid32,203
x86,setregid32,204
x86,getgroups32,205
x86,setgroups32,206
x86,fchown32,207
x86,setresuid32,208
x86,getresuid32,209
x86,setresgid32,210
x86,getresgid32,211
x86,chown32,212
x86,setuid32,213
x86,setgid32,214
x86,setfsuid32,215
x86,setfsgid32,216
x86,pivot_root,217
x86,mincore,218
x86,madvise,219
x86,getdents64,220
x86,fcntl64,221
x86,gettid,224
x86,readahead,225
x86,setxattr,226
x86,lsetxattr,227
x86,fsetxattr,228
x86,getxattr,229
x86,lgetxattr,230
x86,fgetxattr,231
x86,listxattr,232
x86,llistxattr,233
x86,flistxattr,234
x86,removexattr,235
x86,lremovexattr,236
x86,fremovexattr,237
x86,tkill,238
x86,sendfile64,239
x86,futex,240
x86,sched_setaffinity,241
x86,sched_getaffinity,242
x86,set_thread_area,243
x86,get_thread_area,244
x86,io_setup,245
x86,io_destroy,246
x86,io_getevents,247
x86,io_submit,248
x86,io_cancel,249
x86,fadvise64,250
x86,exit_group,252
x86,lookup_dcookie,253
x86,epoll_create,254
x86,epoll_ctl,255
x86,epoll_wait,256
x86,remap_file_pages,257
x86,set_tid_address,258
x86,timer_create,259
x86,timer_settime,260
x86,timer_gettime,261
x86,timer_getoverrun,262
x86,timer_delete,263
x86,clock_settime,264
x86,clock_gettime,265
x86,clock_getres,266
x86,clock_nanosleep,267
x86,statfs64,268
x86,fstatfs64,269
x86,tgkill,270
x86,utimes,271
x86,fadvise64_64,272
x86,vserver,273
x86,mbind,274
x86,get_mempolicy,275
x86,set_mempolicy,276
x86,mq_open,277
x86,mq_unlink,278
x86,mq_timedsend,279
x86,mq_timedreceive,280
x86,mq_notify,281
x86,mq_getsetattr,282
x86,kexec_load,283
x86,waitid,284
x86,add_key,286
x86,request_key,287
x86,keyctl,288
x86,ioprio_set,289
x86,ioprio_get,290
x86,inotify_init,291
x86,inotify_add_watch,292
x86,inotify_rm_watch,293
x86,migrate_pages,294
x86,openat,295
x86,mkdirat,296
x86,mknodat,297
x86,fchownat,298
x86,futimesat,299
x86,fstatat64,300
x86,unlinkat,301
x86,renameat,302
x86,linkat,303
x86,symlinkat,304
x86,readlinkat,305
x86,fchmodat,306
x86,faccessat,307
x86,pselect6,308
x86,ppoll,309
x86,unshare,310
x86,set_robust_list,311
x86,get_robust_list,312
x86,splice,313
x86,sync_file_range,314
x86,tee,315
x86,vmsplice,316
x86,move_pages,317
x86,getcpu,318
x86,epoll_pwait,319
x86,utimensat,320
x86,signalfd,321
x86,timerfd_create,322
x86,eventfd,323
x86,fallocate,324
x86,timerfd_settime,325
x86,timerfd_gettime,326
x86,signalfd4,327
x86,eventfd2,328
x86,epoll_create1,329
x86,dup3,330
x86,pipe2,331
x86,inotify_init1,332
x86,preadv,333
x86,pwritev,334
x86,rt_tgsigqueueinfo,335
x86,perf_event_open,336
x86,recvmmsg,337
x86,fanotify_init,338
x86,fanotify_mark,339
x86,prlimit64,340
x86,name_to_handle_at,341
x86,open_by_handle_at,342
x86,clock_adjtime,343
x86,syncfs,344
x86,sendmmsg,345
x86,setns,346
x86,process_vm_readv,347
x86,process_vm_writev,348
x86,kcmp,349
x86,finit_module,350
x86,sched_setattr,351
x86,sched_getattr,352
x86,renameat2,353
x86,seccomp,354
x86,getrandom,355
x86,memfd_create,356
x86,bpf,357
x86,execveat,358
x86,socket,359
x86,socketpair,360
x86,bind,361
x86,connect,362
x86,listen,363
x86,accept4,364
x86,getsockopt,365
x86,setsockopt,366
x86,getsockname,367
x86,getpeername,368
x86,sendto,369
x86,sendmsg,370
x86,recvfrom,371
x86,recvmsg,372
x86,shutdown,373
x86,userfaultfd,374
x86,membarrier,375
x86,mlock2,376
x86,copy_file_range,377
x86,preadv2,378
x86,pwritev2,379
x86,pkey_mprotect,380
x86,pkey_alloc,381
x86,pkey_free,382
x86,statx,383
x86,arch_prctl,384
x86,io_pgetevents,385
x86,rseq,386
x86,semget,393
x86,semctl,394
x86,shmget,395
x86,shmctl,396
x86,shmat,397
x86,shmdt,398
x86,msgget,399
x86,msgsnd,400
x86,msgrcv,401
x86,msgctl,402
x86,clock_gettime64,403
x86,clock_settime64,404
x86,clock_adjtime64,405
x86,clock_getres_time64,406
x86,clock_nanosleep_time64,407
x86,timer_gettime64,408
x86,timer_settime64,409
x86,timerfd_gettime64,410
x86,timerfd_settime64,411
x86,utimensat_time64,412
x86,pselect6_time64,413
x86,ppoll_time64,414
x86,io_pgetevents_time64,416
x86,recvmmsg_time64,417
x86,mq_timedsend_time64,418
x86,mq_timedreceive_time64,419
x86,semtimedop_time64,420
x86,rt_sigtimedwait_time64,421
x86,futex_time64,422
x86,sched_rr_get_interval_time64,423
x86,pidfd_send_signal,424
x86,io_uring_setup,425
x86,io_uring_enter,426
x86,io_uring_register,427
x86,open_tree,428
x86,move_mount,429
x86,fsopen,430
x86,fsconfig,431
x86,fsmount,432
x86,fspick,433
x86,pidfd_open,434
x86,clone3,435
x86,close_range,436
x86,openat2,437
x86,pidfd_getfd,438
x86,faccessat2,439
x86,process_madvise,440
x86,epoll_pwait2,441
x86,mount_setattr,442
x86,quotactl_fd,443
x86,landlock_create_ruleset,444
x86,landlock_add_rule,445
x86,landlock_restrict_self,446
x86,memfd_secret,447
x86,process_mrelease,448
x86,futex_waitv,449
x86,set_mempolicy_home_node,450
x86,cachestat,451
x86,fchmodat2,452
x86,map_shadow_stack,453
x86,futex_wake,454
x86,futex_wait,455
x86,futex_requeue,456
x86,statmount,457
x86,listmount,458
x86,lsm_get_self_attr,459
x86,lsm_set_self_attr,460
x86,lsm_list_modules,461
x86,mseal,462
x86,setxattrat,463
x86,getxattrat,464
x86,listxattrat,465
x86,removexattrat,466
x86,open_tree_attr,467
x86,file_getattr,468
x86,file_setattr,469
aarch64,io_setup,0
aarch64,io_destroy,1
aarch64,io_submit,2
aarch64,io_cancel,3
aarch64,io_getevents,4
aarch64,setxattr,5
aarch64,lsetxattr,6
aarch64,fsetxattr,7
aarch64,getxattr,8
aarch64,lgetxattr,9
aarch64,fgetxattr,10
aarch64,listxattr,11
aarch64,llistxattr,12
aarch64,flistxattr,13
aarch64,removexattr,14
aarch64,lremovexattr,15
aarch64,fremovexattr,16
aarch64,getcwd,17
aarch64,lookup_dcookie,18
aarch64,eventfd2,19
aarch64,epoll_create1,20
aarch64,epoll_ctl,21
aarch64,epoll_pwait,22
aarch64,dup,23
aarch64,dup3,24
aarch64,fcntl,25
aarch64,inotify_init1,26
aarch64,inotify_add_watch,27
aarch64,inotify_rm_watch,28
aarch64,ioctl,29
aarch64,ioprio_set,30
aarch64,ioprio_get,31
aarch64,flock,32
aarch64,mknodat,33
aarch64,mkdirat,34
aarch64,unlinkat,35
aarch64,symlinkat,36
aarch64,linkat,37
aarch64,renameat,38
aarch64,umount2,39
aarch64,mount,40
aarch64,pivot_root,41
aarch64,nfsservctl,42
aarch64,statfs,43
aarch64,fstatfs,44
aarch64,truncate,45
aarch64,ftruncate,46
aarch64,fallocate,47
aarch64,faccessat,48
aarch64,chdir,49
aarch64,fchdir,50
aarch64,chroot,51
aarch64,fchmod,52
aarch64,fchmodat,53
aarch64,fchownat,54
aarch64,fchown,55
aarch64,openat,56
aarch64,close,57
aarch64,vhangup,58
aarch64,pipe2,59
aarch64,quotactl,60
aarch64,getdents64,61
aarch64,lseek,62
aarch64,read,63
aarch64,write,64
aarch64,readv,65
aarch64,writev,66
aarch64,pread64,67
aarch64,pwrite64,68
aarch64,preadv,69
aarch64,pwritev,70
aarch64,sendfile,71
aarch64,pselect6,72
aarch64,ppoll,73
aarch64,signalfd4,74
aarch64,vmsplice,75
aarch64,splice,76
aarch64,tee,77
aarch64,readlinkat,78
aarch64,newfstatat,79
aarch64,fstat,80
aarch64,sync,81
aarch64,fsync,82
aarch64,fdatasync,83
aarch64,sync_file_range,84
aarch64,timerfd_create,85
aarch64,timerfd_settime,86
aarch64,timerfd_gettime,87
aarch64,utimensat,88
aarch64,acct,89
aarch64,capget,90
aarch64,capset,91
aarch64,personality,92
aarch64,exit,93
aarch64,exit_group,94
aarch64,waitid,95
aarch64,set_tid_address,96
aarch64,unshare,97
aarch64,futex,98
aarch64,set_robust_list,99
aarch64,get_robust_list,100
aarch64,nanosleep,101
aarch64,getitimer,102
aarch64,setitimer,103
aarch64,kexec_load,104
aarch64,init_module,105
aarch64,delete_module,106
aarch64,timer_create,107
aarch64,timer_gettime,108
aarch64,timer_getoverrun,109
aarch64,timer_settime,110
aarch64,timer_delete,111
aarch64,clock_settime,112
aarch64,clock_gettime,113
aarch64,clock_getres,114
aarch64,clock_nanosleep,115
aarch64,syslog,116
aarch64,ptrace,117
aarch64,sched_setparam,118
aarch64,sched_setscheduler,119
aarch64,sched_getscheduler,120
aarch64,sched_getparam,121
aarch64,sched_setaffinity,122
aarch64,sched_getaffinity,123
aarch64,sched_yield,124
aarch64,sched_get_priority_max,125
aarch64,sched_get_priority_min,126
aarch64,sched_rr_get_interval,127
aarch64,restart_syscall,128
aarch64,kill,129
aarch64,tkill,130
aarch64,tgkill,131
aarch64,sigaltstack,132
aarch64,rt_sigsuspend,133
aarch64,rt_sigaction,134
aarch64,rt_sigprocmask,135
aarch64,rt_sigpending,136
aarch64,rt_sigtimedwait,137
aarch64,rt_sigqueueinfo,138
aarch64,rt_sigreturn,139
aarch64,setpriority,140
aarch64,getpriority,141
aarch64,reboot,142
aarch64,setregid,143
aarch64,setgid,144
aarch64,setreuid,145
aarch64,setuid,146
aarch64,setresuid,147
aarch64,getresuid,148
aarch64,setresgid,149
aarch64,getresgid,150
aarch64,setfsuid,151
aarch64,setfsgid,152
aarch64,times,153
aarch64,setpgid,154
aarch64,getpgid,155
aarch64,getsid,156
aarch64,setsid,157
aarch64,getgroups,158
aarch64,setgroups,159
aarch64,uname,160
aarch64,sethostname,161
aarch64,setdomainname,162
aarch64,getrlimit,163
aarch64,setrlimit,164
aarch64,getrusage,165
aarch64,umask,166
aarch64,prctl,167
aarch64,getcpu,168
aarch64,gettimeofday,169
aarch64,settimeofday,170
aarch64,adjtimex,171
aarch64,getpid,172
aarch64,getppid,173
aarch64,getuid,174
aarch64,geteuid,175
aarch64,getgid,176
aarch64,getegid,177
aarch64,gettid,178
aarch64,sysinfo,179
aarch64,mq_open,180
aarch64,mq_unlink,181
aarch64,mq_timedsend,182
aarch64,mq_timedreceive,183
aarch64,mq_notify,184
aarch64,mq_getsetattr,185
aarch64,msgget,186
aarch64,msgctl,187
aarch64,msgrcv,188
aarch64,msgsnd,189
aarch64,semget,190
aarch64,semctl,191
aarch64,semtimedop,192
aarch64,semop,193
aarch64,shmget,194
aarch64,shmctl,195
aarch64,shmat,196
aarch64,shmdt,197
aarch64,socket,198
aarch64,socketpair,199
aarch64,bind,200
aarch64,listen,201
aarch64,accept,202
aarch64,connect,203
aarch64,getsockname,204
aarch64,getpeername,205
aarch64,sendto,206
aarch64,recvfrom,207
aarch64,setsockopt,208
aarch64,getsockopt,209
aarch64,shutdown,210
aarch64,sendmsg,211
aarch64,recvmsg,212
aarch64,readahead,213
aarch64,brk,214
aarch64,munmap,215
aarch64,mremap,216
aarch64,add_key,217
aarch64,request_key,218
aarch64,keyctl,219
aarch64,clone,220
aarch64,execve,221
aarch64,mmap,222
aarch64,fadvise64,223
aarch64,swapon,224
aarch64,swapoff,225
aarch64,mprotect,226
aarch64,msync,227
aarch64,mlock,228
aarch64,munlock,229
aarch64,mlockall,230
aarch64,munlockall,231
aarch64,mincore,232
aarch64,madvise,233
aarch64,remap_file_pages,234
aarch64,mbind,235
aarch64,get_mempolicy,236
aarch64,set_mempolicy,237
aarch64,migrate_pages,238
aarch64,move_pages,239
aarch64,rt_tgsigqueueinfo,240
aarch64,perf_event_open,241
aarch64,accept4,242
aarch64,recvmmsg,243
aarch64,wait4,260
aarch64,prlimit64,261
aarch64,fanotify_init,262
aarch64,fanotify_mark,263
aarch64,name_to_handle_at,264
aarch64,open_by_handle_at,265
aarch64,clock_adjtime,266
aarch64,syncfs,267
aarch64,setns,268
aarch64,sendmmsg,269
aarch64,process_vm_readv,270
aarch64,process_vm_writev,271
aarch64,kcmp,272
aarch64,finit_module,273
aarch64,sched_setattr,274
aarch64,sched_getattr,275
aarch64,renameat2,276
aarch64,seccomp,277
aarch64,getrandom,278
aarch64,memfd_create,279
aarch64,bpf,280
aarch64,execveat,281
aarch64,userfaultfd,282
aarch64,membarrier,283
aarch64,mlock2,284
aarch64,copy_file_range,285
aarch64,preadv2,286
aarch64,pwritev2,287
aarch64,pkey_mprotect,288
aarch64,pkey_alloc,289
aarch64,pkey_free,290
aarch64,statx,291
aarch64,io_pgetevents,292
aarch64,rseq,293
aarch64,kexec_file_load,294
aarch64,pidfd_send_signal,424
aarch64,io_uring_setup,425
aarch64,io_uring_enter,426
aarch64,io_uring_register,427
aarch64,open_tree,428
aarch64,move_mount,429
aarch64,fsopen,430
aarch64,fsconfig,431
aarch64,fsmount,432
aarch64,fspick,433
aarch64,pidfd_open,434
aarch64,clone3,435
aarch64,close_range,436
aarch64,openat2,437
aarch64,pidfd_getfd,438
aarch64,faccessat2,439
aarch64,process_madvise,440
aarch64,epoll_pwait2,441
aarch64,mount_setattr,442
aarch64,quotactl_fd,443
aarch64,landlock_create_ruleset,444
aarch64,landlock_add_rule,445
aarch64,landlock_restrict_self,446
aarch64,memfd_secret,447
aarch64,process_mrelease,448
aarch64,futex_waitv,449
aarch64,set_mempolicy_home_node,450
aarch64,cachestat,451
aarch64,fchmodat2,452
aarch64,map_shadow_stack,453
aarch64,futex_wake,454
aarch64,futex_wait,455
aarch64,futex_requeue,456
aarch64,statmount,457
aarch64,listmount,458
aarch64,lsm_get_self_attr,459
aarch64,lsm_set_self_attr,460
aarch64,lsm_list_modules,461
aarch64,mseal,462
aarch64,setxattrat,463
aarch64,getxattrat,464
aarch64,listxattrat,465
aarch64,removexattrat,466
aarch64,open_tree_attr,467
aarch64,file_getattr,468
aarch64,file_setattr,469
arm,restart_syscall,0
arm,exit,1
arm,fork,2
arm,read,3
arm,write,4
arm,open,5
arm,close,6
arm,creat,8
arm,link,9
arm,unlink,10
arm,execve,11
arm,chdir,12
arm,mknod,14
arm,chmod,15
arm,lchown,16
arm,lseek,19
arm,getpid,20
arm,mount,21
arm,setuid,23
arm,getuid,24
arm,ptrace,26
arm,pause,29
arm,access,33
arm,nice,34
arm,sync,36
arm,kill,37
arm,rename,38
arm,mkdir,39
arm,rmdir,40
arm,dup,41
arm,pipe,42
arm,times,43
arm,brk,45
arm,setgid,46
arm,getgid,47
arm,geteuid,49
arm,getegid,50
arm,acct,51
arm,umount2,52
arm,ioctl,54
arm,fcntl,55
arm,setpgid,57
arm,umask,60
arm,chroot,61
arm,ustat,62
arm,dup2,63
arm,getppid,64
arm,getpgrp,65
arm,setsid,66
arm,sigaction,67
arm,setreuid,70
arm,setregid,71
arm,sigsuspend,72
arm,sigpending,73
arm,sethostname,74
arm,setrlimit,75
arm,getrusage,77
arm,gettimeofday,78
arm,settimeofday,79
arm,getgroups,80
arm,setgroups,81
arm,symlink,83
arm,readlink,85
arm,uselib,86
arm,swapon,87
arm,reboot,88
arm,munmap,91
arm,truncate,92
arm,ftruncate,93
arm,fchmod,94
arm,fchown,95
arm,getpriority,96
arm,setpriority,97
arm,statfs,99
arm,fstatfs,100
arm,syslog,103
arm,setitimer,104
arm,getitimer,105
arm,stat,106
arm,lstat,107
arm,fstat,108
arm,vhangup,111
arm,wait4,114
arm,swapoff,115
arm,sysinfo,116
arm,fsync,118
arm,sigreturn,119
arm,clone,120
arm,setdomainname,121
arm,uname,122
arm,adjtimex,124
arm,mprotect,125
arm,sigprocmask,126
arm,init_module,128
arm,delete_module,129
arm,quotactl,131
arm,getpgid,132
arm,fchdir,133
arm,bdflush,134
arm,sysfs,135
arm,personality,136
arm,setfsuid,138
arm,setfsgid,139
arm,_llseek,140
arm,getdents,141
arm,_newselect,142
arm,flock,143
arm,msync,144
arm,readv,145
arm,writev,146
arm,getsid,147
arm,fdatasync,148
arm,_sysctl,149
arm,mlock,150
arm,munlock,151
arm,mlockall,152
arm,munlockall,153
arm,sched_setparam,154
arm,sched_getparam,155
arm,sched_setscheduler,156
arm,sched_getscheduler,157
arm,sched_yield,158
arm,sched_get_priority_max,159
arm,sched_get_priority_min,160
arm,sched_rr_get_interval,161
arm,nanosleep,162
arm,mremap,163
arm,setresuid,164
arm,getresuid,165
arm,poll,168
arm,nfsservctl,169
arm,setresgid,170
arm,getresgid,171
arm,prctl,172
arm,rt_sigreturn,173
arm,rt_sigaction,174
arm,rt_sigprocmask,175
arm,rt_sigpending,176
arm,rt_sigtimedwait,177
arm,rt_sigqueueinfo,178
arm,rt_sigsuspend,179
arm,pread64,180
arm,pwrite64,181
arm,chown,182
arm,getcwd,183
arm,capget,184
arm,capset,185
arm,sigaltstack,186
arm,sendfile,187
arm,vfork,190
arm,ugetrlimit,191
arm,mmap2,192
arm,truncate64,193
arm,ftruncate64,194
arm,stat64,195
arm,lstat64,196
arm,fstat64,197
arm,lchown32,198
arm,getuid32,199
arm,getgid32,200
arm,geteuid32,201
arm,getegid32,202
arm,setreuid32,203
arm,setregid32,204
arm,getgroups32,205
arm,setgroups32,206
arm,fchown32,207
arm,setresuid32,208
arm,getresuid32,209
arm,setresgid32,210
arm,getresgid32,211
arm,chown32,212
arm,setuid32,213
arm,setgid32,214
arm,setfsuid32,215
arm,setfsgid32,216
arm,getdents64,217
arm,pivot_root,218
arm,mincore,219
arm,madvise,220
arm,fcntl64,221
arm,gettid,224
arm,readahead,225
arm,setxattr,226
arm,lsetxattr,227
arm,fsetxattr,228
arm,getxattr,229
arm,lgetxattr,230
arm,fgetxattr,231
arm,listxattr,232
arm,llistxattr,233
arm,flistxattr,234
arm,removexattr,235
arm,lremovexattr,236
arm,fremovexattr,237
arm,tkill,238
arm,sendfile64,239
arm,futex,240
arm,sched_setaffinity,241
arm,sched_getaffinity,242
arm,io_setup,243
arm,io_destroy,244
arm,io_getevents,245
arm,io_submit,246
arm,io_cancel,247
arm,exit_group,248
arm,lookup_dcookie,249
arm,epoll_create,250
arm,epoll_ctl,251
arm,epoll_wait,252
arm,remap_file_pages,253
arm,set_tid_address,256
arm,timer_create,257
arm,timer_settime,258
arm,timer_gettime,259
arm,timer_getoverrun,260
arm,timer_delete,261
arm,clock_settime,262
arm,clock_gettime,263
arm,clock_getres,264
arm,clock_nanosleep,265
arm,statfs64,266
arm,fstatfs64,267
arm,tgkill,268
arm,utimes,269
arm,arm_fadvise64_64,270
arm,pciconfig_iobase,271
arm,pciconfig_read,272
arm,pciconfig_write,273
arm,mq_open,274
arm,mq_unlink,275
arm,mq_timedsend,276
arm,mq_timedreceive,277
arm,mq_notify,278
arm,mq_getsetattr,279
arm,waitid,280
arm,socket,281
arm,bind,282
arm,connect,283
arm,listen,284
arm,accept,285
arm,getsockname,286
arm,getpeername,287
arm,socketpair,288
arm,send,289
arm,sendto,290
arm,recv,291
arm,recvfrom,292
arm,shutdown,293
arm,setsockopt,294
arm,getsockopt,295
arm,sendmsg,296
arm,recvmsg,297
arm,semop,298
arm,semget,299
arm,semctl,300
arm,msgsnd,301
arm,msgrcv,302
arm,msgget,303
arm,msgctl,304
arm,shmat,305
arm,shmdt,306
arm,shmget,307
arm,shmctl,308
arm,add_key,309
arm,request_key,310
arm,keyctl,311
arm,semtimedop,312
arm,vserver,313
arm,ioprio_set,314
arm,ioprio_get,315
arm,inotify_init,316
arm,inotify_add_watch,317
arm,inotify_rm_watch,318
arm,mbind,319
arm,get_mempolicy,320
arm,set_mempolicy,321
arm,openat,322
arm,mkdirat,323
arm,mknodat,324
arm,fchownat,325
arm,futimesat,326
arm,fstatat64,327
arm,unlinkat,328
arm,renameat,329
arm,linkat,330
arm,symlinkat,331
arm,readlinkat,332
arm,fchmodat,333
arm,faccessat,334
arm,pselect6,335
arm,ppoll,336
arm,unshare,337
arm,set_robust_list,338
arm,get_robust_list,339
arm,splice,340
arm,arm_sync_file_range,341
arm,tee,342
arm,vmsplice,343
arm,move_pages,344
arm,getcpu,345
arm,epoll_pwait,346
arm,kexec_load,347
arm,utimensat,348
arm,signalfd,349
arm,timerfd_create,350
arm,eventfd,351
arm,fallocate,352
arm,timerfd_settime,353
arm,timerfd_gettime,354
arm,signalfd4,355
arm,eventfd2,356
arm,epoll_create1,357
arm,dup3,358
arm,pipe2,359
arm,inotify_init1,360
arm,preadv,361
arm,pwritev,362
arm,rt_tgsigqueueinfo,363
arm,perf_event_open,364
arm,recvmmsg,365
arm,accept4,366
arm,fanotify_init,367
arm,fanotify_mark,368
arm,prlimit64,369
arm,name_to_handle_at,370
arm,open_by_handle_at,371
arm,clock_adjtime,372
arm,syncfs,373
arm,sendmmsg,374
arm,setns,375
arm,process_vm_readv,376
arm,process_vm_writev,377
arm,kcmp,378
arm,finit_module,379
arm,sched_setattr,380
arm,sched_getattr,381
arm,renameat2,382
arm,seccomp,383
arm,getrandom,384
arm,memfd_create,385
arm,bpf,386
arm,execveat,387
arm,userfaultfd,388
arm,membarrier,389
arm,mlock2,390
arm,copy_file_range,391
arm,preadv2,392
arm,pwritev2,393
arm,pkey_mprotect,394
arm,pkey_alloc,395
arm,pkey_free,396
arm,statx,397
arm,rseq,398
arm,io_pgetevents,399
arm,migrate_pages,400
arm,kexec_file_load,401
arm,clock_gettime64,403
arm,clock_settime64,404
arm,clock_adjtime64,405
arm,clock_getres_time64,406
arm,clock_nanosleep_time64,407
arm,timer_gettime64,408
arm,timer_settime64,409
arm,timerfd_gettime64,410
arm,timerfd_settime64,411
arm,utimensat_time64,412
arm,pselect6_time64,413
arm,ppoll_time64,414
arm,io_pgetevents_time64,416
arm,recvmmsg_time64,417
arm,mq_timedsend_time64,418
arm,mq_timedreceive_time64,419
arm,semtimedop_time64,420
arm,rt_sigtimedwait_time64,421
arm,futex_time64,422
arm,sched_rr_get_interval_time64,423
arm,pidfd_send_signal,424
arm,io_uring_setup,425
arm,io_uring_enter,426
arm,io_uring_register,427
arm,open_tree,428
arm,move_mount,429
arm,fsopen,430
arm,fsconfig,431
arm,fsmount,432
arm,fspick,433
arm,pidfd_open,434
arm,clone3,435
arm,close_range,436
arm,openat2,437
arm,pidfd_getfd,438
arm,faccessat2,439
arm,process_madvise,440
arm,epoll_pwait2,441
arm,mount_setattr,442
arm,quotactl_fd,443
arm,landlock_create_ruleset,444
arm,landlock_add_rule,445
arm,landlock_restrict_self,446
arm,process_mrelease,448
arm,futex_waitv,449
arm,set_mempolicy_home_node,450
arm,cachestat,451
arm,fchmodat2,452
arm,map_shadow_stack,453
arm,futex_wake,454
arm,futex_wait,455
arm,futex_requeue,456
arm,statmount,457
arm,listmount,458
arm,lsm_get_self_attr,459
arm,lsm_set_self_attr,460
arm,lsm_list_modules,461
arm,mseal,462
arm,setxattrat,463
arm,getxattrat,464
arm,listxattrat,465
arm,removexattrat,466
arm,open_tree_attr,467
arm,file_getattr,468
arm,file_setattr,469
arm,breakpoint,983041
arm,cacheflush,983042
arm,usr26,983043
arm,usr32,983044
arm,set_tls,983045
arm,get_tls,983046
